post_id, add_timestamp
2557110,1415283458.0
220525,1433306725.0
12409714,1415283537.0
20760589,1538976207.0
728356,1463032163.0
938429,1463032163.0
19693782,1463032163.0
22772968,1433218416.0
19072161,1433311032.0
9682297,1433218416.0
17109634,1434549404.0
24788003,1501234179.0
24226781,1442501603.0
802134,1442501603.0
7243750,1442501603.0
9718541,1442463053.0
9626535,1442463053.0
22676,1442501603.0
18675266,1436865313.0
4065783,1457857110.0
25480853,1437049456.0
3177231,1437049456.0
1236540,1437049456.0
5886280,1436862799.0
7966119,1436862799.0
3962247,1365427706.0
12364981,1365427706.0
8691655,1457874387.0
1892339,1457874674.0
16621351,1479890250.0
7370801,1467104333.0
4765242,1381386789.0
3908063,1400920218.0
3876886,1400920218.0
10556479,1437451791.0
28521783,1434712294.0
27156381,1488784781.0
8482588,1516089943.0
11874767,1495170708.0
33371917,1520561546.0
5328556,1520561546.0
29175093,1474008783.0
8248467,1484638246.0
6855710,1495170708.0
4285103,1497604141.0
22445217,1539860044.0
31715119,1539860044.0
13670333,1472627495.0
11373192,1402328181.0
16311562,1573975592.0
6854947,1399725300.0
10562945,1399731768.0
8480223,1538976679.0
29055475,1539133107.0
11606259,1539134822.0
3448959,1539134822.0
17535563,1539082809.0
17631703,1539069489.0
11606946,1539048774.0
50830399,1579179778.0
40580749,1537363769.0
36555153,1565409197.0
17834835,1567339170.0
28660287,1536646953.0
